sentences;prediction;Y
здравствуйте, после изменения интерфейса, не могу закрыть созданный платежный документ (может не вижу конечно) предлагает сразу подписать, тек же неудобно появление надписи 'в том числе ндс', после каждой корректировки документа (3 раза скорректировал 3 раза появляется данная надпись друг за другом) приходится сверять и удалять не нужную, раньше этого не было. в вашем опросе не работают функциональные клавиши ctrl+, тоже не удобно.;1;предложение
новая версия значительно сложнее и запутаннее старой. выписку по счёту почему-то более чем на квартал запросить вообще нельзя!?;1;предложение
совершенно неадекватная цена (ежемесячная оплата) при обычном интернет - банке, которым пользуюсь не часто! при этом ещё и % при перечислении денег!я постоянно пользуюсь интернетом и интерне тв при этом плачу в несколько раз меньше!;0;эмоции
неудобный новый интерфейс, нужные функции 'запрятаны', интуитивно ничего не найдешь.;0;эмоции
в работе программы множество проблем, чтобы банально распечатать выписку за период бывает нужно выйти-зайти в программу, иначе упорно пишет 'отсутствует выписка', хотя все данные есть. и множество других проблем.;0;эмоции
предыдущая версия была интуитивно мне более понятна.;0;эмоции
работаю с системой клиентбанк с самого начала работы интернета. система всегда работала безупречно. затем появилсясбербанк бизнес онлайн. к нему тоже претензий не было. дружественный интерфейс и нормально было работать. первый звоночек. открываешь страничку и видишь вчерашний остаток. пришлось новую привычку вырабатывать. нажимать кнопку 'обновить'. это показатель уважения к клиенту. затем поменялся интерфейс и вообще остаток неправильный стал показываться (из предыдущего дня часть операций отразилась часть нет) мне посоветовали. сделать выписку, нажать что-то и подождать15 минут. возмутительно. в новом интерфейсе пока поймешьсуть задаваемого вопроса.... а ведь я программист по профессии. рассматриваю варианты смены банка. к менеджерам претензий нет. стараются и работают вежливо.;0;эмоции
все время задержки смс-аутентификацией, иногда приходиться ждать по 30-40 минут. все время надо менять пароль, это не улучшает защиту, а наоборот снижает, потому что нормальному человеку есть что запомнить кроме ваших бесконечно новых паролей и он их записывает, тем самым вы придумали как сделать пароль максимально доступным для третьих лиц. вообще не понимаю зачем вы придумали такой инструмент для работы, если через него можно только пп отправлять и выписки выгружать, а за любым другим действием надо ехать в отделение. да не просто в любое, а именно в то где открыт счет.;0;эмоции
очень долго приходится ждать выписки;0;эмоции
слишком дорого.;0;эмоции
переход на новую программу был организован просто безобразно. программа не работала, зависала. при обращении в службу техподдержки ничего не объясняли. три дня мучилась, пока не появилась возможность перейти на старую версию.;0;эмоции
нет интеграции с контур эльба;1;предложение
в целом именно так, а новым интерфейсом вообще недовольны;0;эмоции
хотелось бы, чтобы деньги, поступающие на наш р/счет зачислялись в этот же день и в выходные/праздничные дни, что позволило бы вовремя производить расчеты с поставщиками и арендодателем. в настоящее время, когда покупатели частенько расплачиваются по картам исроки платежей выпадают на выходные, нам приходиться искать деньги 'на стороне', чтобы не нарушить условия договоров и соблюдать сроки оплаты. кроме того, я считаю, что сумма за ежемесячное банковское обслуживание р/счета ип стало дороговато - 1600 руб., за 1,5-2 года сумма выросла на 400 руб. и, видимо, будет расти дальше... в других банках данная услуга - от 900 до 1200 руб., причем условия те же...;0;эмоции
в новом интерфейсе бизнес онлайн ,лично мне сложно работать , а вернуться в старый , мне сказали ,что программа не позволяет. в той программе было все просто и понятно.;0;эмоции
иногда очень долго происходит проверка платежа. пример: 17.08 произведен платеж через сбербанк онлайн телефона на сумму 1500 р , платеж произведен в 9.15 по состоянию на 18.07 время 13.32 деньги не поступили на счет телефона. на все вопросы опрераторы отвечают что производится проверка (от 15 мин до 3 дней) вопрос6 что так долго проверяет система?;0;эмоции
временами система подвисает.;0;эмоции
не устраивает новая версия системы. неудобная.;0;эмоции
очень много инструкций, написанных малопонятно нет шаблонов для предоставления в банк (заявление на получение пароля, доверенность...) некоторая сложность врасподписании документов - писем в банк, например - нужно 2подписи;1;предложение
невозможно пользоваться старыми шаблонами. при использовании шаблона нет возможности менять какие-либо поля, кроме суммы. при создании платежного поручения система требует указания кпп для ип и !!! физических лиц!!!;1;предложение
больше всего не нравится медленная работа приложения особенно нового (при загрузке) и очень хотелось бы иметь возможность подписывать одновременно несколько пп;1;предложение
не использую ее функционал полностью, нет необходимости, по этому не знаю все возможности системы;0;эмоции
новый дизайн , очень плохо;0;эмоции
отвратительное юзабилити всего приложения. описать все проблемы - спроектировать с нуля.;0;эмоции
сложно привыкнуть кработе с новым интерфейсом. невозможно выгрузить выписку за более длительный период, только 100 дней - этого не хватает для бухгалтерии.;1;предложение
есть некоторые неудобства и трудности.;0;эмоции
навязываются сервисы, которые организациями не используются. плохо проводятся платежные поручения. без звонка в банк не проводятся п/п по внутренним займам и перемещениям, при наличии собственных д/с на р/с.отвергаются платежи отправленные в банк до 16.30.нельзя изменить статус отвергнутого документа. неудобный интерфейс для работы с большим количеством документов (подпись и отправка п/п). нет просмотра всех операций по р/с.;0;эмоции
это скорее моя оценка, а не ваша. потому что, я не всегда понимаю юридических терминов в меню. их много.;0;эмоции
главное неудобство связано с тем, что на странице отражается не достоверный остаток денежных средств на счете. расходы по расчетам с банковской с картой отражаются не своевременно. в связи с этим, для получения достоверной информации приходится проверять баланс в банкомате с помощью карты. 2. списание денежных средств со счета происходит оперативно в момент совершения операции, а зачисление доходов в выходные с задержкой в 3 дня.;0;эмоции
не знаю как можно подписывать в системе сразу несколько документов. новый дизайн - полное уродство, малофункциональное и малопонятное.;0;эмоции
в нерабочие дни, деньги невозможно перевести. на новогодние праздники деньги ждала 10 дней. именно по этому так оценила работу бизнес онлайн;0;эмоции
1. выписка распечатывается сразу за месяц. надо, чтобы выписка за месяц формировалась с разбиением по дням с указанием сальдо на начало и конец дня. так удобнее искать ошибки, если в бухучете сальдо не совпадает с банковской выпиской. 2. невозможно установить фильтр так, чтобы при входе выписки с нулевыми оборотами не отображались. каждый раз приходится устанавливать фильтр. 3. невозможно настроить адрес загрузки п/п и выгрузки выписок. каждый раз надо указывать путь. 4. было бы удобнее, если бы выписки по валютным счетам выгружались так же как по рублёвым.;1;предложение
новое программное обеспечение не отвечает всем потребностям так невозможно посмотреть историю операций более чем на 100 дней. в старой версии можно было просмотреть всю историю операций.;1;предложение
крайне не удобный интерфейс пользователя. старая версия была более наглядная и удобная. новой версии уже несколько месяцев, а я никак не привыкну к ней, хотя пользуюсь ежедневно. зачем эти огромные шрифты, с надписями, полностью не помещающимися в свои строки, заканчивающиеся на три точки ... ? я что, слепая бухгалтерша, которая не видит буквы? важнее, что бы на экране помещалось как можно больше информации. сделайте простой дизайн, как в экселе или как было раньше! а еще добивает невозможность сделать cntl+v в поля с суммами. приходится вводить вручную, из-за чего вероятность сделать ошибку сильно возрастает. раньше можно было скопировать сумму (например, из счета) и вставить в поле 'сумма', а теперь какое-то извращение - сумму приходится вставлять в любое свободное поле в браузере (я вставляю в после 'поиск') и потом оттуда ручками переносить сумму, а если еще свернул страницу, то сдвигается курсор и в конец десятков. в общем, сами попробуйте на практике. дальше - с ндс. попробуйте несколько раз изменить ст;1;предложение
последняя версия очень не удобна для пользования....;0;эмоции
много чего хорошего, но и есть недостатки;0;эмоции
при возникновении проблем, очень долго решаются вопросы технической поддержкой;0;эмоции
верните смс-оповещение о поступлениях средств на счет!;0;эмоции
не очень удобно иногда что то искать уходит много времени;0;эмоции
все легко и просто. единственная проблема с смс-паролями - часто приходят неподходящие, либо приходят позже времени ожидания.;0;эмоции
сложно всё очень;0;эмоции
самым большим плюсом является новая система подписания платежных поручений - теперь при подписании большого количества платежных поручений не надо ждать получения всех смс с кодами (обычно код от первой платежки приходит одним из последних), а вводить получаемые коды по мере их поступления в списке платежек. также очень понравилось, что теперь практически невозможно забыть отправить подписанные платежные поручения в банк, так как это делается в меню подписания платежек, а не выведено на отдельную кнопку, как в предыдущей версии.;1;предложение
не всегда есть связь с банком, сложно найти название фирмы, если давно с ней не работал;1;предложение
"1) имеется привязанный сотовый номер для подтверждения новых контрагентов, но нет возможности получать на этот номер информации о поступлении на сайт; 2) нет возможности поиска контрагентов по поступлениям, проведенным оплатам; 3) нет возможности выборки по поступлениям, проведенным оплатам по контрагенту;";1;предложение
система не интуитивная. бизнессчёт не отражает фактический остаток средств. зачисление на карту происходит с большой задержкой. поиск платежей с помощью фильтра не доработан. например по названию организации: найти нужно ооо 'вектор', по критерию '*век*' не ищет. старый дизайн сайта был более интуитивен но эти недочёты все пришли со старого дизайна. в каждом новом окне кнопки одного и того же назначения расположены в разных местах...;1;предложение
старая программа сбербанк бизнес онлайн была очень удобной и понятной программой!!! с новой же программой приходится тратить больше времени. может вернете в работу старую?;0;эмоции
1. очень дорого! 1600 руб без ндс? разрыв очень большой с контурентами 2. экран стал неудобным, либо не помещается, либо слишком мелько.;0;эмоции
в сравнение с конкурентами прилично;0;эмоции
в новой редакции сайта очень трудно искать шаблон созданного поручения и ранее созданные документыю;1;предложение
не видно платежи.совершенно другой сайт,надо его изучать.хорошо это ,может,темкто не работает,а в удовольствие в компьютере только поиграть.а людях не подумали.целый час искала как платежку оплатить.;0;эмоции
в старой версиибыло удобней просматривать выписки.;0;эмоции
плохо работает фильтр поиска платежных поручений по контрагенту. система иногда вообще ничего не находит или находит не все. неудобно, что к 1 контрагенту нельзя завести несколько р/счетов. вместо этого создается новый контрагент, что тоже не дает возможности отфильтровать все платежные поручения по этому контрагенту.;1;предложение
в системе очень запаздывает информация по состоянию счёта, в моём случае никогда вовремя нельзя увидеть остаток овердрафта, цифра всегда некорректная. так же, что касается овердрафта, нет возможности увидеть списание процентов по этому продукту. на данный момент мне было удобнее работать в прежнем дизайне, возможно, это дело привычки.;1;предложение
обновленный бизнес-онлайн крайне неудобен в сравнении со старой версией;0;эмоции
есть некоторые неудобства , но гораздо лучше предыдущей версии.;0;эмоции
при копировании документов и исправлении на другую сумму и назначение платежа система очень часто подвисает и перезагружается, не сохраняя уже исправленные данные.;0;эмоции
ставлю минимальную оценку за юзабилити и убогость нового интерфейса системы.;0;эмоции
в новом дизайне не могу видеть платежи старше одного месяца. неудобно.в старом дизайне не могу просто посмотреть поступления в разрезе кто мне перевел деньги. неудобно.;1;предложение
в целом система удобная, но не доволен частыми внутренними ошибками и ограниченным полем видимости списка документов: 14 документов на экран - это мало.;1;предложение
новая версия системы клиент-банк очень неудобная, неинформативная, непонятно где и что искать, не обновляется остаток по счету онлайн (обновление по остаткам произошло, например, в 7-8 утра, и при поступлении средств на счет, их можно увидеть только если пару раз выйти и войти в кабинет, в то время как в старой версии достаточно на главной странице поставить галочку напротив счета и нажать кнопку обновить состояние). работаю с системой клиент-банк как ип по смс, и как юл по ключу (токену). иногда в день приходится делать по 30-40 платежей, в старом интерфейсе все понятно, наглядно. при оформлении платежа все реквизиты платежки перед глазами. когда кабинет ип перевели на новый интерфейс, для подготовки платежки было затрачено около 40 минут.;1;предложение
удобно, потому, что выглядит как большинство сайтов интернет-магазинов, к которым привыкли. и также не удобно, т.к. не находишь привычных функций при оплате платежей, например, часто пользуемся исполненными ранее платежами контрагентов, меняем данные и отправляем новые платежи копируя старые. где данный функционал пока не нашли... нужно звонить в техподдержку и обычно не хватает времени... поэтому переходим в старый формат и отправляем платежи проверенным способом...;1;предложение
бывают сбои в работе программы.при введении новшеств, трудно с ними разобраться.;0;эмоции
в отд. на пр-те жукова 56 уже довольно давно не работает компьютер для юрлиц с токинами. поэтому если слетел пароль, получив в банке новый, нельзя проверить его. для проверки приходится ехать в офис, а если что-то не получается, то даже с собственным ноутбуком ничего нельзя проверить из-за плохого вай-фая.;0;эмоции
не добрый интерфейс;0;эмоции
нет быстрого взаимодействия с операторами горячей линии, очень долго ждать соединения соператорами при осуществлении звонка на горячую линию. не работает чат.;0;эмоции
нет возможности проводить платежи в выходные;1;эмоции
долго искать предыдущие платежи, чтобы их скопировать.;0;эмоции
в целом всем довольна, но программа работает часто недостаточно быстро, сообщает о сбои сервера, много времени уходит на вход в программу.;0;эмоции
несвоевременная информация о поступлениях;0;эмоции
не удобный функционал, не понятное расположение меню;0;эмоции
не все услуги банка представленыв системе;0;эмоции
не всегда понятны функции;0;эмоции
иногда смс на подтверждение платежа приходится ждать по несколько минут.;0;эмоции
здравствуйте. в случае возникновения трудностей негде найти ответ. горячая линия не всегда знает что делать, а напрямую с банком связаться нет возможности. платежи после 19.00 не отправляются, а переходят на следующий день. раньше это можно было сделать до 22 часов. новый вид программы 'слепой'. нет наглядности.;0;эмоции
неудобно;1;эмоции
по старому интерфейсу: далеко 'спрятаны' контрагенты.по новому интерфейсу:не вижу причин перехода на новай дизайн;0;эмоции
может быть это не ваша вина , а проблемы с интернетом. часто бывает трудно зайти на счет и часто выходит заставка выполняется обработка.;0;эмоции
полностью поменялся интерфейс, сложно сразу перейти, не сразу отвечают в чате;0;эмоции
старый сбо был намного удобней и шустрей.;0;эмоции
система возможно работает хорошо, но у нас плохой интернет, из-за этого бывают трудности.;0;эмоции
прошлый вариант был удобнее и понятнее) новая часто виснет , т е грузится после подписи.постоянный сбой;0;эмоции
низкая информативность, высокий тариф по оплате социальных программ, бессовестный грабеж при переводе денег в системе но в другой регион.;0;эмоции
платежи проводятся медленно,остаток на главной странице меню обновляется 1 раз в день !!!? реальной картины оплаты,зачислений,остатков по счетам нет!!!;0;эмоции
1. при формировании выписки и задаче параметров контрагента (инн) всплывает перечень бюджетных организаций, всвязи с чем приходится делать дополнительные действия, нежели просто вставить или напечатать инн нужного контрагента. 2. часто бывают сбои из-за мобильных интернет провайдеров, из-за чего долго набиваемый документ не сохраняется даже в черновики. 3. иногда достаточно долго идет смс отзыв. 4. не разобрался с е-инвойсинг.;1;предложение
первое это цена обслуживания - дороговторое - система тяжеловата, иногда долго ждешь смс или они не приходят совсем при поступлении денег от разныхклиентов хотелось бы сразу видеть от кого и сколько.;0;эмоции
выписки по контрагентам минимум за 6 месяцев в поиске;0;эмоции
не всегда своевременно отражаются движения денежных средств;0;эмоции
деньги и переводы не отпровляются с разу а только через несколько дней!! я считаю что за те деньги которые платим за обслуживание у вас не должны быть входных, , и деньги свои мы должны видеть сразу а не как вам это удобно! взнос наличных должен делать оператор вашего банка а не в бонкамате дрочиться стосяять !!! бонкаматы работают через разна трамвайной в краснодаре вообще вечно не работают!!! то инкассацию не сняли то выключен, , зато полныйбанк дормоедов!!! такого руководителя как греф надо менять!!! у вас полный бардак !!!!! и это мнение 100 процентов нашего огромного коллектива;0;эмоции
суммы списания денежных средств уходящие на разные счетапапример: за банковское обслуживание, списание основной суммыпо кредиту, списание процентов по кредитувыставляютсяодной суммой. что делает практически невозможной работу в данной системе. приходится в бумажном виде подтверждать операции. неоднократные обращения в банк результатов не принесли.;0;эмоции
старая версия для меня удобнее;0;эмоции
интерфейс намного хуже, чем в старой версии и не понятно как сделать копии платежных поручений. не понятно как управлять мобильными устройствами.;1;предложение
приложение для айфона тупит по отпечатку пальцев . нельзя пользоваться зарплатным проектом через приложение на айфон . и раньше не было оплаты 1 процента за вывод средств , это очень плохо . я и так вам плачу за платежки , за расчетный счёт , за онлайн банк . почему я ещё должен вам платить один процент за вывод своих же средств на свою же дебетовую карту ?;0;эмоции
происходит медленное списания со счета, и нет разбивки по списанию а активных полях;1;предложение
неудобный интерфейс, слишком все мелко и непонятно. нет интуитивного восприятия, как например в нбд-банке, или саровбизнесбанк.;0;эмоции
после изменения интерфейса было затруднительно искать то, что мне нужно;0;эмоции
дизайн хромает;0;эмоции
 было все понятно и привычно...а сейчас не знаешь где что искать;0;эмоции
не удобно печатать и выгружать выписки в 1с, нужно сделать много лишних операций. очень удобно загружать платежки из 1с, подписывать и отправлять в банк.;1;предложение
интерфейс с каждым разом становится более неудобным;0;эмоции
мне не всё понятно.;0;эмоции
изменилась первая страничка при входе в систему, появились дополнительные действия: все платежи, шаблоны, все шаблоны и только потом попадаешь на свои документы,такие неожиданные смены алгоритма работы сбивают, приходится привыкать к новым картинкам;1;предложение
не понятны алгаритмы повторных платежей;1;предложение
после изменения интерфейса работать стало неудобно. чтобы распечатать входящий документ нужно сначала формировать выписку. отдельный документ из выписки распечатать не возможно только если выбрать на печать отдельную страницу из сформированной на печать выписки. это крайне неудобно, так как сначала нужно пролистать все страницы, чтобы найти нужный документ. раньше это делалось одним нажатием правой клавиши мышки на нужном документе. неудобно оформлены перемещения из выписки в документы и обратно. старый интерфейс с меню слева на странице был удобнее, нужно было меньше перемещаться со страницы на страницу, чтобы получить всю интересующую информацию. интерфейс стал менее наглядным чем был, требует больше времени для нахождения нужного пункта меню. некоторые названия пунктов меню выглядят странно и не привычно для бухгалтера. при ограничении счета - видим только один остаток. возможность использовать средства приходится расчитывать самим.;1;предложение
не всегда могу войти с первого раза.;0;эмоции
обновленная (новая) версия бизнес онлайн не удобна в пользовании, в старой версии все разделы были видны слева на рабочем столе, сейчас их надо искать, не отражаются данные по открытым депозитам и много других замечаний в процессе работы. прежняя версия была более удобна в работе, зачем меняете не понятно. от моих коллег, которые пользуются новой версией тоже много нареканий. сотрудники банка не могут подсказать где что искать в обновленной версии, отправляют звонить в техподдержку, а это всегда получается достаточно долго.;0;эмоции
не возможно дозвониться до сотрудников банка,по возникающим вопросам.;0;эмоции
ранее система была проще и понятнее.;0;эмоции
очень не понятный интерфейс в новой редакции старый понятнее и удобнее, на новом все размыто, хотелось юы что бы операцыи работали круглые сутки;0;эмоции
новая версия программы менее удобна, чем прежняя.;0;эмоции
потому что не совсем удобно,поэтому именно на 7 баллов из 10 оцениваю систему.;0;эмоции
не все прозрачно и понятно. не сразу можно найти нужный функционал. копирование и редактирование платежек стало сложнее, посмотреть выписки тоже.;1;предложение
недостаточно времени для полного ознакомления.;0;эмоции
старая версия была удобнее и более понятной;0;эмоции
очень неудобная форма выписок банка.при распечатке информация отражается не вся,как будто съедается.;1;предложение
не отражаются сразу все операции;0;эмоции
сложно было привыкнуть к новому дизайну. но по сравнению с системой других банков, система сбербанка бизнес онлайн гораздо удобнее. некоторые моменты можно усовершенствовать, но в любом случае система стала намного лучше.;0;эмоции
старый бизнес онлайн мне больше нравится, с новым не могу работать. постоянно перехожу на старый, новый не удобен не возможно обновлять счет нет место куда ставить галочку для обновления вообщем ничего хорошего;0;эмоции
попросила исправить в платежке неправильно указанный кбк, ответа нет несколько дней! причем письмо отправила буквально через минут 30 после создания платежки.;0;эмоции
неудобный интерфейс, скорость работы программы стала ниже. не увидел ни одного положительного изменения !!!;0;эмоции
недавно поменялся внешний вид окон в программе, мне надо работать, а я занимаюсь тем что ищу привычную кнопку справа, а она оказывается теперь слева. зачем это делается не понятно, потому что весь функционал которым я пользовался вобщем-то то остался прежним.;0;эмоции
постоянная блокировка карт и ограничение доступа в онлайн по ст фз 115, честно уже достало предоставлять собирать документы ,доказывающее свою деятельность и заработка!!!!;0;эмоции
бывают сбои;0;эмоции
старая система была лучше и удобнее. не распечатывает , когда нажимаешь развернутую печать. печатает только первый лист.;1;предложение
неудобно, чтоменяется интерфейс, дорогое обслуживание,частая смена тарифа комиссии.;0;эмоции
полностью устраивала старая система сбербанк бизнес онлайн!!! в новой неудобно формировать платежные поручения,нет возможности распечатать выписки за день годичной давности, а с налоговыми органами это равноценно смерти. формирование зарплатного реестра в первый раз вызвало трудности, пришлось вручную вводить все данные по работникам. я уже оставляла свой отзыв, реакции не было. новая версия меня, как пользователя, полностью не устраивает!!!;1;предложение
непонятно все стало;1;эмоции
новый интерфейс системы интуитивно не понятен, многие функции скрыты, неудобный доступ;0;эмоции
1) невозможно удалить созданное платежное поручение 2) невозможно отозвать подпись 3) неудобный доступ к дополнительным сервисам (депозиты)это пока то, с чем столкнулись;1;предложение
неудобно!! и ничего не понятно;0;эмоции
изменение интерфейса, ограниченный функционал, не всегда понятна последовательность действий, избыточные действия.;0;эмоции
старый интерфейс был удобнее;0;эмоции
не все очевидно, если нет опыта работы с аналогичными продуктами;0;эмоции
слишком много ограничений, связанных с безопасностью: использование токена, блокировка программы при смене сим-карты. необходимость приходить в отделение, которое работает только до 16:00!!!;0;эмоции
для того, чтобы перейти в другой раздел меню, необходимо закрыть тот, в котором работаешь в настоящее время.хотелось бы, чтобы можно было работать в нескольких разделах (журналах) одновременно без закрытия предыдущего.;1;предложение
привыкаешь к одному оформлению, вы его меняете;0;эмоции
неудобно медленно .постоянно зависает, много времени уходит чтобы найти нужную информацию;0;эмоции
я еще полностью неразобралсяссистемойпо этому и8;0;эмоции
постоянный сбой в получении пароля, зачисление денег на бизнес карту занимает слишком длительное время;0;эмоции
не был получен ответ при обращении;0;эмоции
при верном введении пароля, блокирует учетную запись;0;эмоции
только привыкнешь, освоишь систему происходят какие то изменения.очень долго соединяют с техподдержкой.;0;эмоции
задержки с смс ограниченный период выписки новый интерфейс не совсем логичен нельзя сделать простой поиск платежек по названию контрагента;1;предложение
возникают некоторые вопросы по поводу копирования платежных поручений. в старой системе все было более просто.;1;предложение
нет возможности сформировать выписку за произвольный период.;1;предложение
новый интерфейс ужасен! неинформативен, неструктурирован, интуитивно непонятен. всё разбросано хаотично, слишком награмождено излишними веб-примочками. с точки зрения веб-дизайна он конечно силён. но, с точки зрения пользования им, неудобен. классический случай, когда разработка велась без оглядки на простого пользователя.;0;эмоции
при поиски списания, или поступления денежных средств,автоматически выдает от меньшой к сумме к большой, а даты в разброс, а иногда нужно бывает по датам и по порядку.;1;предложение
не удобно находить, где находятся разные документы. меню не информативное. в разных местах экрана нужно смотреть закладки и кнопки подтверждения.;0;эмоции
неудобно. не информативно. навязчиво. смс уведомления так и не ввели, хотя полгода собирали мнения и это предложение всегда было в топе.;0;эмоции
прежняя система была более логична и понятна.;0;эмоции
есть субъективные замечания к интерфейсу.;0;эмоции
действующая система восстановления поролей доступа не эффективна. (отсутствует воможность восстановить доступ по паролям в смс);0;эмоции
изменения в оформлении и прицепе работы на своей странице, были простошоком . ни каких предупреждений, разъяснений , как работать в новом формате. консультациипо телефону, ни чего не дали , мы просто общались на разных языках. в результате было по трачено много времени на расшифровку. алгоритма действий. сейчас вроде бы маленько освоился.;0;эмоции
в обновленной версии не все понятно,;0;эмоции
да у вас вся контора из говна сделана. желаю вам сдохнуть как можно быстрее. мошенники.;0;эмоции
короткое время сесси;0;эмоции
бывают задержки при отправке платежей;0;эмоции
я была полностью довольна старым интерфейсом, в новом интерфейсе не удобно работать с выписками (формировать, выгружать и печатать) также очень хотелось чтобы было смс оповещение по движению счета.;0;эмоции
очень неудобный и запутанный новый интерфейс;0;эмоции
не нравится новая версия, верните старую.;0;эмоции
не получилось оплатить налог на землю в ифнс;0;эмоции
старая версия мне нравилась больше. может просто привык. в новой трудно найти нужную кнопку;0;эмоции
приходят уведомления по вэд, хотя у нас нет сделок в валюте. приходят рекламные рассылки, а уведомления о истекающих сроках полномочий не приходят.;1;предложение
новая система не совершенна, старая была проще в объслужеванее.;0;эмоции
в новой версии сбербанк бизнес онлайн мне неудобно то, что я не вижу платежное поручение в таком же виде, как печатная форма. неудобно ориентироваться по полям, особенно для налоговых платежей.;1;предложение
постоянные 'улучшения' выражены в постоянных изменениях интерфейса, что меня категорически не устраивает.;0;эмоции
в целом удобно работать, но ряд моментов ,на мой взгляд, не продуман: 1. невозможно увидеть время отправки и время проведения платежного документа 2. остаток по счету на главной странице бывает не актуален ( иногда не учитывает недавние по времени операции) 3.в мобильном приложении есть функция об оповещении получателяо платеже в его адрес, онаудобна, но не работает для отправки на почту ( не приходит на отправленный корректный адрес, проверила неоднократно)и в вайбер (отправляется не документ , а ссылка, которую невозможно просмотреть и вывести на печать);1;предложение
система не удобна, поиск по наименованию не работает, только по инн и номеру счета, достаточно плохо расположено верхнее меню и оно не информационно! прежняя редакция сбербанк бизнес была на 10! вся информация была расположена на экране в доступном и понятном виде.;1;предложение
система стала хуже, менее наглядной;0;эмоции
не понравилось последнее обновление;0;эмоции
вот так я думаю;1;эмоции
1. не работает система в воскресные дни. 2.больой процент при эквайринге.;0;эмоции
очень плохая защитаот взломов!!!!!!!!!!!!!;0;эмоции
1. долго проходят платежи (по сравнению например с альфабанком, там мнгновенно) 2. нет уведомления об оплате на электронную почту - элементарная функция (в альфабанкетакже реализована) 3. поиск по контрагенту в списке платежей должен быть регистронезависимым и по частям названия, у вас практически пользоваться им нельзя, например контрагент ооо 'ресурс-платеж' невозможно найти по поиску используя 'ресурс', не говоря уже о 'ресурс' 4. элементарно заблокировать счет, зная только логин - 3 раза ввод неправильного пароля приводит к блокировке, то есть зная логин злрумышленник может заблокировать платеж ну и много других мелких замечаний;1;предложение
очень часто зависают платежи, долгое время висят загруженными в абс, иногда время по проведению платежа имеет очень большое значение, особенно когда отгрузка от поставщика удаленно идет только по платежке со статусом 'проведено';0;эмоции
очень долго проводили подключение и выдачу сертификатов. оформление продолжалось почти 18 месяцев;0;эмоции
новый формат отвратительный по старому было очень удобно.;0;эмоции
не удобный в работе;0;эмоции
трудно привыкать к новому. приходится осваивать.;0;эмоции
не удобная;0;эмоции
поиск по контрагентам то ли нет его вообще, то ли сложен для моего понимания;0;эмоции
надо больше попыток ввода пароля. три раза- мало;1;предложение
долго проходит платёж;0;эмоции
есть не удобства;0;эмоции
в принципе данная версия программы неплохая, но у вас не доработаны отчеты вформате xls, потому что xls это электронный таблицы и предназначены они для работы с данными. те таблицы, которые вы даете в отчетах предназначены для красивого вывода на печать, но недля работы с числами. и еще очень желательно в отчетах в ячейках всю информацию сделать одной строкой, а так же убрать символ с кодом 160 (разделитель разрядов);1;предложение
местами не удобный интерфейс и недостаточная скорость работы.;0;эмоции
"- долгий вход в систему ('думает' на каждом шаге);- периодические сбои, особенно в конце месяца и после длительных выходных,- частая поломка флешек, в том числе только выданных банком; - при открытии через систему explorer не выдает оповещения о скором ок";1;nan
неудобно и долго подтверждать каждое платежное поручение отдельной смс;0;эмоции
есть функции. которые приходится редактировать в ручном режиме...;0;эмоции
вопросы, решаемые с одним сотрудником в кол.центре невозможно решить при прерывании, связь только в одностороннем порядке и приходиться тратить много времени на объяснение ситуации другому сотруднику.;0;эмоции
постоянные сбои;0;эмоции
громоздкий интерфейс, много не нужной информации постоянно на экране, нужное сразу не видно и мелко. не удобно получать выписки. все не удобно. зачем при занесении нового контрагента подписывать его в справочнике при помощи пароля??? трудно найти в справочнике наименование банка по бик - цифры скачут и не пропечатываются.не нравится все.;0;эмоции
в системе сбербанк бизнес онлайн работаем ужетретий год, мы сами видим поступление денежных средств и их перечисление. и если указала ошибочно в платежном поручении, то вижу,либо отказ. одним не довольно, формирует платежные поручения(выписки) долго. зарплатный-работает быстро.предпринимателю моментально поступают деньги.;0;эмоции
из плюсов работы системы: - оперативность зачисления - простота работы в самой системе из минусов: - работа тех службы оставляет желать лучшего. ни на один вопрос который был им задан ответа так и не поступило. за ними приходилось ездить в обслуживающий банк. - реестры набиваются очень долго, потому что система постоянно зависает.;0;эмоции
когда входишьдолго ждешь открытие системы. часто набираешь пароль, а программа 'висит' и приходится набирать несколько раз, чтобы войти. очень долго исполняется запрос на выписку.;0;эмоции
новая версия не устраивает: нельзя сделать выписку больше чем месяц, не могу сразу сохранить её в нужный файл в коп., не могу сохранить нужные рко сразу в нужный файл и т.д.;1;предложение
очень неудобно распечатывать документы, документы приходиться подписывать и отправлять по одному (хотелось бы пакетом),при выгрузке с 1с хотелось бы сначала видеть саму выписку, а потом уже ее выгрузить в файл.;1;предложение
для достижения результата приходится совершать больше телодвижений, по сравнению со старым интерфейсом. всё таки это инструмент, он должен быть удобным, а не требовать периодического освоения и привыкания... в прошлой версии всё было уже знакомо, интуитивно понятно, меньше операций приходилось совершать.;0;эмоции
добрый день. если мое мнение что-то изменит... я привыкла видеть перед собой платежное поручение т.е. таблицу. мне так проще заполнять. я сразу вижу ошибки и быстрее заполняю новый платеж. сейчас неудобно.распечатывать выписки банка тоже быстрее было раньше.;1;предложение
старая версия слишком перегруженная, новая лучше, но непонятен пока функционал;0;эмоции
увеличилось время обработки платежных поручений.;1;эмоции
не удобно пользоваться новой версией системы. особенно что касается выписок и документов к ним.чтобы распечатать документы к выписке , нужно несколько раз переходить, искать. очень не удобно. должно быть видна выписка со всеми документами и кнопка тут же распечатать и выписку и документы к ней.;1;предложение
в истории отображаются только расходы, почему не отображаются поступления и хотелось бы получить поиск в истории.;1;предложение
очень часто долго думает(зависает);0;эмоции
в принципе, все устраивает, оценила на 8. из недочетов- не сразу обновляется информация и не всегда понятно состояние счета, когда ждешь какой нибудь перевод.;0;эмоции
задумка работы системы сбербанк бизнес онлайн понятна, интересна, перспективна. система довольно часто работает со сбоями в проведенииплатёжных документов и получении дополнительной информации.;0;эмоции
один из платежей завис, остальное все хорошо.;0;эмоции
в целом довольны работой системы. однако бывают случаи не проведения документов (отвергаются) по непонятным причинам. документы ставятся в картотеку, затем оплачиваются, а признак картотеки остается до тех пор, пока не обратишься с жалобой с тех.поддержку;0;эмоции
не удобно просматривать платежные поручения, отправленные ранее;0;эмоции
в целом работает быстро и понятно, но иногда не приходя смс для подтверждения и не обновляется выписка и вообще выписка не очень удобная;0;эмоции
шаблоны на платежи нельзя делать с мобильного приложения и нет смс оповещения отпоступоении денежных средств на счёт. это бы во многом упростило работу!;1;предложение
очень неудобно и приходится долго искать, то что нужно. в старой системе было все видно сразу и понятно. в другой компании не стала переходить на новую версию. выписка была компактней и удобней.;0;эмоции
постоянные сбои в системе, запрос на выписку в настоящее время выполняется более 2-х часов;0;эмоции
не совсем удобен поиск платежных поручения. затруднительный ввод кода кбк;1;предложение
к предыдущей системе привыкли, удобно было работать. смысл был все менять, ради красивого дизайна?!;0;эмоции
нет смс оповещения об операциях, в отличие от сбербанк онлайн. в личном кабинете очень сложно разобраться, опять же в отличие от сбербанк онлайн;1;предложение
новый интерфейс неудобный. много функций есть но все равно надо ехать лично в банк. когда полностью будет он лайн похож на 21 век;0;эмоции
перезагруженный, неинформативный интерфейс. новичок, впервые столкнувшийся с системой онлайн-банкинга, будет теряться. менее успешные банки имеют более эффективный программы, такие как фб инноваций и развития, например.;0;эмоции
не удобный поиск (в сравнение с 5 ю базамипо, в которых работаю);1;предложение
обновления с каждым разом ухудшают работу;0;эмоции
происходит сбой при загрузке платежных поручений из 1с. при импорте окно загрузке открывается и не закрывается, не смотря на то что загрузочный файл выбран. старая версия было удобней.;0;эмоции
новая версия интерфейса раздута, отличается от предыдущей, приходится учиться заново;0;эмоции
в обновленной версии много непонятного для меня.;0;эмоции
не удобно работать с шаблонами платежей. не удобная работа с выписками. долго реагирует ответ на письма в банк.;0;эмоции
очень долго поступают деньги на счет,после оплаты с терминала. в субботу и воскресенье вообще не перечесляются! в пятницу перевела деньги себе на карту со счета бизнес и получила только в понедельник! почему?;0;эмоции
в старой версии все было доступней и понятней;0;эмоции
не работает служба поддержки (не дозвониться, чат также не рабртает). не нужная смена интерфейса. низкая информативность.;0;эмоции
не нравится новая программа.;0;эмоции
есть неудобства в новой версии.;0;эмоции
в целом устраивает, за исключением нескольких моментов: очень быстро 'вылетаешь' из личного кабинета, постоянно приходится заново вводить пароль и смс. иногда крайне долго приходят смс, что замедляет работу в бк.;0;эмоции
например, чтобы отменить случайно отправленное платёжное поручение, нужно звонить в банк, что не всегда быстро получается (ввиду ожидания ответа от сотрудников/некорректно работающего тонального режима/не совсем понятных пунктов меню автоинформатора) через вкладку 'письма в банк' можно отправить письмо от отмене, но все равно надо подтверждать звонком в банк... когда дозвонишься подтвердишь, платёжное поручение уже исполнится..;1;предложение
не хватает некоторых опций в приложении;0;эмоции
бывают сбои, после которых восстановление не всегда проходит просто.;0;эмоции
предыдущая версия была удобней в использовании.;0;эмоции
не нравится новый интерфейс;0;эмоции
не удобно. очень неудобно. не видно сколько средств на счету. отражается недостоверная информация. не видно (полностью) реквизиты.работа в новой системе занимает очень много времении не удобнав работе.;0;эмоции
не надо постояно менять алгоритм сайта. пока к одному привыкнешь, вводится следующий . предыдущий был очень удобный в работе. сейчас идут отказы в оплате. хорошо, что сохранен старый вариант. новым не пользуюсь.;0;эмоции
нет прямой связи с исполнителями сбербанка, вопрос о работе задать человеку невозможно;0;эмоции
очень неудобно стало смотреть платежи и создавать их по сравнению со старой версией;0;эмоции
очень не удобно! низкая контрастность,вид платёжного поручения не соответствует виду на бумажном носителе, это очень мешает работе!и ещё много чего старый дизайн намного лучше , это мнение многих моих знакомых!;0;эмоции
мне удобно не выезжая делать платежи on-line и следить за своим расчетным счетом с любой точки, где бы я не была. но в новой версии я никак не могу получить выписку с приложениями. такая услуга была в старой версии. мне необходимо видеть платежное поручение контрагента, т.к. контрагент не всегда правильно указывает назначение платежа, особенно в начале работы или при смене бухгалтера. кроме этого в новой версии не могла подписать документ (платежное поручение на оплату налога). не приходило смс! перешла в старую версию, там сразу получила смс для подписи. причем их столько пришло, сколько раз я запрашивала. пока в новой версии не комфортно, многое непонятно.;0;эмоции
хуже, чем старая версия.;0;эмоции
сложно искать разные файлы;0;эмоции
со старой версией было проще работать,но надеемся и к этой привыкнем.;0;эмоции
новая версия сбербизнесонлайн сырая, либо совсем нет возможности создать шаблон по зарплатному проекту, либо его запрятали так, что трудно найти. период движения средств только месяц, чтобы создать выписку за квартал надо пройти семь кругов ада. пользовался старой версией с удовольствием, но маркетинг и желание нового убивают практичность.;0;эмоции
у нас большая организация оао энерговентиляция и нам изначально был неправильно предложен вашими менеджерами сбербанк онлайн: у нас за день бывает до 30 платежных поручений,приходится заходить под логином главбуха и каждое поручение подписывать её смс-ками, затем заходим под логином руководителя и подписываем его смс-ками,уже сколько раз просили менеджера выслать нам договор на клиент-банк,никакой реакции с вашей стороны,в итоге оплата поставщикам и з/платный проект у нас в другом банке,а в вашем банке мы только передерживаем свободные денежные средства;0;эмоции
новый интерфейс неудобен, прежняяверсия лучше.;0;эмоции
постоянно какие-то проблемы:то техсбой, то страница не открывается,очень плохо работает эта система;0;эмоции
старая версия была привычней а эту надо изучать время нету;0;эмоции
не очень удобен новый интерфейс. старому интерфейсу поставила бы 10.;0;эмоции
1. очень много нужно сделать действий чтобы распечатать выписку. 2. выписку в печатной форме желательно в книжном варианте.;1;предложение
медленно проводятся платежные поручения, например, если документ отправлен в банк вчерашним числом, то исполнение может случится только на следующий день ( сотрудники банка объясняют это какой-то очередью ). а если необходим срочный платеж???;0;эмоции
новая версия сбербанконлайн совершенно не нравится, не удобная навигация, не комфортно в ней работать, прежняя нравится гораздо больше.;0;эмоции
2 раза пришлось обращаться в офис сбербанка ( с ожиданием первый раз -10 мин, а вот 2 раз более часа!!!) для разблокировки учетной записи. а запись блокировалась по загадочным причинам после принудительной смены пароля. при этом системой я пользуюсь менее года.если так и дальше будет - придется сменить банк.;0;эмоции
мало возможностей отбора;1;эмоции
запутанное меню, тяжело загружается. старая версия удобнее.;0;эмоции
платежи уходят и приходят с большой задержкой, смски тоже приходят не регулярно. интерфейс тоже далек от идеала, к примеру сравните с банк клиентом отпбанка.;0;эмоции
старая версия намного удобнее, все более наглядно.;0;эмоции
интуитивно не понятно где что искать. всегда только за месяц. а мне нужно платежи за квартал и год . для налоговой и для контроля;0;эмоции
новый интерфейс абсолютно неудобный в работе и к нему предстоит еще очень долго привыкать. поначалу очень хотелось подключиться к старому интерфейсу, но позвонив в службу теххподержки по обслуживанию клиентов бизнес онлайн, сотрудник пояснил, что к сожалению, это невозможно(((. действительно очень жаль, что совершенно не дали времени для адаптации. далее, задав такие вопросы где можно посмотреть остаток по счетам, как его обновить, я услышал у сотрудника, 'сейчас уточню' и после этого принялся куда-то звонить. это как?! даже сотрудник техподдержки 'бизнесонлайн' не умеет пользоваться обновленным интерфейсом системы 'сбербанкбизнесонлайн'. после этого вы спрашиваете меня об оценке системы 'сбербанкбизнесонлайн'. надеюсь, я понятно все разъяснил...;0;эмоции
при ошибке в фио клиента на зачисление денежных средств в реестре, банк возвращает денежные средства на счет в организацию, вместо оповещения о возможности изменения данных в реестре. например как в россельхоз банке.;1;предложение
очень неудобный интеррфейс, выделение цветом, да и вообще все ужасно;0;эмоции
с необходимого для работы сервиса обмена документами с ифнс и прочими организациями не приходит оповещение на электронную почту. в связи с чем важные решения принимаются не своевременно.;1;предложение
несмотря на то, что обновление прошло уже достаточно давно, привыкнуть к новой системе очень трудно. некоторые функции только в старой системе есть и приходится переходить на прежнюю версию;0;эмоции
в целом неплохо, но бывают сбои при обновлении системы.;0;эмоции
до этого пользовалась другим банк-клиентом , более простой интерфейс был. в целом все неплохо, бываютсложные моменты например с выписками.;0;эмоции
все не удобно и не понятно;0;эмоции
в новом 'сбербанк бизнес онлайн' самый ужасный интерфейс;0;эмоции
нет возможности мгновенно получать сообщения о поступлении средств на счет;1;эмоции
нет указания на конкретные действия, например: пришло уведомление об окончании срока действия ключа. указаний куда идти, по какому адресу, какие документы с собой брать не имеется, соответственно приходится выяснять телефонным опросом.;1;предложение
возможно так только со мной. но мне каждый раз сложно разобраться с интерфейсом после очередного изменения, а подсказки не всегда и понятны и доступны.;0;эмоции
пока не совсем понятно, как работать. со старой системой более удобно;0;эмоции
не удобно функционально, через *опу некоторые функции;0;эмоции
не удобный интерфейс;0;эмоции
актуализация счета только рано утром происходит, и больше не обновляется. нет оповещения через смс о движении денег по счету.;0;эмоции
хотелось бы более широкий фильтр отбора;1;предложение
для того чтобы внести средства на депозит нужно оформлять дополнительное соглашение, зачем?;0;эмоции
обслуживание бизнес-клиентов намного сложнее, чем физических лиц;0;эмоции
тк интерфейс не до конца интуитивно понятен, куда нажать чтобы получить результат;0;эмоции
в старом клиенте можно было делать выписки за большой период, а сейчас только за месяц максиму. нет подсказок при оплате в бюджет (налоги, пфр, омс и т.д.);1;эмоции
в мобильном приложении невозможно подписать платёж ,если получатель не внесен в список контрагентов;1;nan
новый виде не очень удобно вносить текстовое сообщение в платежном поручении;0;эмоции
почему по инн не подбивает реквизиты, у всех клиент банков подбивает. а у вас надо ручками надо;0;эмоции
не очень нравится дизайн, все каким-то мелким шрифтом и вкладки не очень удобны. но это лично для меня.;0;эмоции
иногда система виснет. не доступна информация после 17-00.;0;эмоции
не качественно;0;эмоции
есть технические недоработки. сложный процесс по формировании выписки.;0;эмоции
сыровато;0;эмоции
после обновления стало трудно найти нужную информацию. не устраивает, что выписку по счетам можно скачать только за 100 дней.;1;предложение
платежи не проводят после 17.00,часто виснет, бывают сбои,;0;эмоции
после обновления системы очень сложно привыкнуть и найти нужные продукты и функции;0;эмоции
долгий перевод средств.;0;эмоции
1. моя выручка - только наличные (пока).постоянно сталкиваюсь с проблемой помещения средств на расчетный счет. новые банкоматы принимают до 200 купюр, но не позволяют проводить самоинкасацию. старые банкоматы работают медленно и к ним всегда очередь.(-1 бал) 2. не могу прочитать документы и сообщения. вижу в оранжевом поле значимое число. но кликомничего не открывается. если сообщения действительно есть, то оно должно быть доступно для ознакомления. если сообщений нет, то система не должна отвлекать ложными сигналами. (-1 бал);1;предложение
неудобный интерфейс;0;эмоции
теперь я трачу больше времени чтобы войти в нужный мне раздел. в целом старая система была лучше , нагляднее, проще.может просто привык к ней. по моемупрограммисты не очень представляют себе ту рутину с которой приходится встречаться ежедневно пользователю: проверить поступления, перчислить деньги, распечатать выписку платежа,распечатать баланс за период. то что появились подсказки по правильности заполнения платежек это конесчно плюс. есть и другие плюсы, но в целом мне не нравится.;0;эмоции
старый интерфейс мне нравился значительно больше - все был под рукой, все основные операции можно было сделать быстро и просто. в новом интерфейсе-же все сделано красиво, но крайне не удобно - чтобы сделать выписку приходится совершать кучу лишних кликов, бог знает где находятся необходимые действия. если цель стояла сделать красиво -ну да, что то получилось. но к удобству это ни какого отношения не имеет. дизайнеры интерфейсов, похоже, сами ни когда не работали с интерфейсом и сделали полный шлак. в общем - за интерфейс вам твердая двойка (2) из 5 возможных. в конце-концов должно быть, в первую очередь, удобно и просто и уже потом красиво.;0;эмоции
надо делать много лишних кликов, открывая вкладки. предыдущая версия более проще в работе. и на данный момент у меня нет уже возможности перейти на старую версию. очень жаль.;0;эмоции
раньше было лучше, меньше расплывчатости;0;эмоции
?;0;эмоции
нет возможности выгрузить платежное поручение;1;предложение
трудно понимаемый интерфейс, много нагромождений.;0;эмоции
работает корректно не во всех браузерах. последнее время почему-то стала высвечиваться мобильная версия сначала на компьютере, потом уже переход на обычную.и еще что касается мобильной версии, многие функции не доступны. например, переводы;1;предложение
не очень понятный интерфейс, нет возможности редактирования в момент печатания платежного поручения. всё должно быть понятно интуитивно, например как догадаться, сто стрелочка означает дальнейшее 'кликанье' для проведения операции ?;0;эмоции
нет отметки банка на самой расширенной выписке при не распечатывании платежных поручений;1;предложение
в новой версии нет возможности посмотреть полную сумму оборотов по кредиту за целый день.;1;предложение
если копируешь платеж, то невозможно в нем сразу сделать какие-либо изменения, нужно сначала его сохранить, а только потом редактировать .и такое подобное в других функциях.;1;предложение
интуитивно не понятный интерфейс. в старой версии нужные функции находились быстро, сейчас приходиться копаться и не всегда находишь что нужно;0;эмоции
удобство и функционал на низком уровне (по сравнению с предыдущей версией: - более долгая загрузка страниц пр переходе - почти нет настроек функционала (пытаюсь исправить нумерацию платежек - система выдает номера в какой-то неведомой последовательности, присваивает по два раза статусы 'без ндс');1;предложение
в автомате работает, частные случаи не рассматриваются должным образом;0;эмоции
неоднократно писал замечания припереходе на новую версию никто ничего не менял.;0;эмоции
очень трудно перевести деньги с системы бизнес онлайн на карточку физического лица. долго и трудно ( да и проценты не маленькие) нужно делать множество манипуляций с компьютером и телефоном. должно быть проще и безопаснее. пока трудно и вязко. с уважением ла;0;эмоции
не удобное формирование выписки, не обновляются остатки по счету он лайн, не удобно вводить сумму в платежках;0;эмоции
ничего не понятно где что находится . названия ссылок не интуитивные. не дублируются названия. не ясно где находишься. не актуальные стартовые страницы разделов. окна раздуты и кнопку приходится искать очень далеко внизу. долго обновляется статус счета. нет смс оповещения о поступлении денежных средств.;0;эмоции
я так решил;0;эмоции
система не идеальна , частые сбои которые не могут объяснить сотрудники сбербанка.система будет гибче в случае быстрой технической поддержки , на данном этапе поддержки нет .;0;эмоции
есть недочеты в меню. инвосинг грузится только через интернет експлоер или мозилу.;0;эмоции
в целом все хорошо, но сделали бы какой то видео урок или обучали бы в сбер банках как пользоваться новой системой, а то ввели а обучить что и как нет.. ну ав целом неплохополучилось;1;предложение
я не поставил 10 балов, потому что через систему через смартфон не могу посмотреть обороты по счету и не могу сделать платёжку по зарплатному проекту.;1;предложение
смс сообщенияиногда приходят очень поздно, бывали случаи ,что смс не приходили.;0;эмоции
не нравиться интерфейс. за время моей работы в системе она меняется уже второй раз.;0;эмоции
верните старую версию сбербанк бизнес онлайн;0;эмоции
медленно работает, функции находятся в неочевидных труднодоступных местах.;0;эмоции
новая версия работает безобразно, подгрузить документы невозможно- висит, до техподдержки дозвониться невозможно, при работе с гоз платежку проверяют 2-3 дня, и традиционно высокая стоимость. в общем долго, неудобно, дорого.;0;эмоции
потому что ко всему новому приходится привыкать и всегда есть сложности при освоении - то не могу открыть документ, который присылает служба банка в формате ворд (не знаю связано это с новым дизайном), то не можешь найти привычные документы и т.п.;0;эмоции
пивычнее старая система;0;эмоции
старая версия была проще в работе;0;эмоции
1.банк резервирует суммы денежных средств для списания комиссий, а я не могу видеть эти суммы, следовательно, не могу планировать расходование средств по счёту. 2.тех.поддержка в чате на все вопросы перенаправляет на телефон 8800...., а на телефоне требуется пройти процедуру аутентификации, для чего оператор задаёт недостаточно чётко сформулированные вопросы. 3.невозможно оперативно отозвать платёжное поручение (при необходимости).;1;предложение
нет раздела отправки писем в банк (он в старом интерфейсе), не удобно пролистывать платжки на подпись (часто там висят просроченные платежки, которые нельзя удалить);1;предложение
мелкий шрифт на платежных поручениях медленно работает в часы пик не исправлена орфографическая ошибка в наименовании организации;0;эмоции
высокая стоимость обслуживания;0;эмоции
не всегда получаем ответ на письма , не всегда работает оперативно отзыв платежных поручений;0;эмоции
есть не большие не удобства.;0;эмоции
порой не очень интуитивна;0;эмоции
письма в банк остаются без ответа, никто на них не реагирует, до тех пор, пока не позвонишь менеджеру (что получается с большим трудом - дозвониться) и не спросишь что с ответом и будет ли он. нам ответили на запрос один раз, при том, что пришлось много раз позвонить в обслуживающий офис.;0;эмоции
очень не информативная первая страница....надо думать какой раздел открыть, чтоб начать работу;0;эмоции
не очень удобный поиск п/п;0;эмоции
заблокировали карту;0;эмоции
плохо работает обратная связь: отправляем документы (письма. заявки, заявления), получаем статус 'принят' или 'обработан', а бывало и так, что в результате документ не исполнен по каким-то причинам и нас об этом не проинформировали.;0;эмоции
в целом всё устраивает, немного неудобно создавать копии документов;0;эмоции
постоянные проблемы с системой одноразовых паролей - приходят с большой задержкой, приходят будущей датой (декабрь 2017 года), приходят смс с неправильными номерами платежных поручений. неоднократно оставляли обращения, ситуация не меняется. техподдержка ничем не помогает: то телефон плохой, то оператор. смс-оповещения от другого банка на тот же телефон и номер приходят без сбоев.;0;эмоции
изменения очень неудобны для работы.верните прежний формат.;0;эмоции
операции по корпоративной карте отражаются на 5-й и более день. никогда точно не знаешь остаток на счету.;0;эмоции
новый интерфейс просто ужасен, глюки при загрузке платежных поручений из 1с, выгрузку выписок в 1с черт возьми как мозг нужно сломать чтобы найти. в новом интерфейсе исчезла пакетная обработка платежных поручений.;1;предложение
не совершенен алгоритм поиска платежей по 'истории платежей'. как правило поиск не даёт результата при этом требует ввод многих параметров для поиска платёжки.;1;предложение
непонятный интерфейс, всё запутанно;0;эмоции
я оценила вашу систему именно так, потому что в последнее время я посещаю отделение банка для разблокировки счета, для поправки всяких незначительных мелочей каждый день! я трачу свое время, деньги и нервные клетки! я очень недовольна вашей работой! я не могу нормально работать, постоянно создаете какие то препятствия!;0;эмоции
при обновлении сайта,было не которое время замешательство, потому что изменилось привычное меню документов и их формирование .;0;эмоции
зачем нужно было менять интерфейс? все так было до этого удобно, что бы заново разбираться что к чему!!!;0;эмоции
удобный, интуитивно понятный интерфейс и визуализация.не удобна частая смена паролей для входа в систему, периодически не работает служба обмена письмами с банком.;0;предложение
после импорта платежных поручений не ставится номер по порядку автоматически, если делать копирование, а только создаешь когда новый. много манипуляций для копирования платежного поручения. чтобы узнать сумму платежных поручений нужно зайти во вкладку созданные, раньше удобнее было.;1;предложение
1. невозможно подписать нового контрагента сразу из платежки, приходится заходить в справочник 'контрагенты', заводить там нового контрагента и только потом подписывать, а это не удобно, т.к. мы платежки вызгужаем из 1с и там предварительно заводим этого контрагента, а потом в сббол приходится ещё раз заводить контрагента. 2. нет возможности подписать сразу несколько платежек, приходиться каждую подписывать отдельно, нажимая для подписания одной платежки 3 кнопки, т.е. при подписании 30 платежек приходиться 'кликать' 90 раз.;1;предложение
зачем поменяли отлаженную систему.;0;эмоции
слишком долгий вход: пин-код, логин, пароль. я понимаю, что это для нашей же безопасности, но все же. нет возможности выгрузки валютных выписок при открытии депозита ( в целом это делать удобно) 2 раза программа записывала срок меньше, чем указывалось в форме заявки (30 ней вместо 31), и тогда терялась выгода при пролонгации;1;предложение
очень не удобный интерфейс.и никто не может проконсультировать!!!!;0;эмоции
это оценка старой системы (8) и новой (3);0;эмоции
платежные поручения выполнять ужасно. в старом дизайне было все понятно.;0;эмоции
мне все понятно. пользоваться удобно.;0;эмоции
не всегда удобно выполнить платёж, проще это сделать не через мобильное приложение.;0;эмоции
новая система мне не нравится, много непонятного.;0;эмоции
неудобная, не сразу найдешь, что нужно, приходится много раз нажимать на разные кнопки. старая система была гораздо удобнее;0;эмоции
до последнего обновления система была проще;0;эмоции
не устраивает новый сервис, в старом варианте все было наглядно: и обороты по дням, и платежки, и формировать документы легче, и выписку за период сформировать проблема, только за месяц, мне удобнее поквартально. верните старую версию;1;предложение
не нравится дизайн, не нравится формирование выписок;0;эмоции
не нравиться программа в новой версии;0;эмоции
данная система ориентирована немикро ип в одном лице, не ведущего никакого бухгалтерского учета. для бизнеса не удобно, не информативно, слишкомзапутано в ссылках и неудобно в загрузке и выгрузке документов из других программ ( в частности 1с);0;эмоции
очень не удобно;0;эмоции
не удобно стало после последних обновлении... до этого всё было на оценку 10++++;0;эмоции
неудобная система. тормозит. невозможно отменить ошибочный платеж;1;предложение
наплевательское отношение к замечаниям на недочёты и неудобства- в основном это касается нового кривого дизайна в котором информация не бьётся на блоки с важным и второстепенным, а перемешивается в единую массу на экране;0;эмоции
долго приходится ждать ответа на посланные письма в банк.;0;предложение
слишком много лишних телодвижений добавили,лично мне неудобных. хотя некоторые нововведения вполне хороши.;0;эмоции
"в целом очень удобно работать через интернет, но уже несколько раз было проведено обновление программы, которое, по моему мнению, усложнило работу бухгалтера. приходится во-первых, пользоваться инструкцией по пользованию, а это более 200 листов машинописного текста; во-вторых, стало намного больше времени получить выписку печатной формы для обработки; в-третьих, я думаю, что необходимо делать доступ на демо-версии по обновлению интерфейса, а не как обухом по голове, пришел на работу и сразу работай только в программе с обновленным интерфейсом, хоть караул кричи. не знаешь, куда бежать из-за этого обновления!!!! а нужно ведь работать!!! времени на изучение ваших инструкций абсолютно нет. не делайте кардинальных изменений!!!!!!!!!!!!!!";1;предложение
по несколько дней не обновляется сколько денег на счёте .;0;эмоции
я длительное время работал в старом дизайне сбербанк бизнес онлайн , я к нему привык . перейдя на новый дизайн мне не все понятно что где находится , приходится искать.;0;эмоции
потому что именно ни столько в ней удобно работать..что-то очень удобно - прям на 10+, а что-то просто ну совсем не удобно..;0;эмоции
иногда долго приходится ждать смс с паролем;0;эмоции
долго загружается первая страница;0;эмоции
26.06.2017 не загружался реестр на выплату зп;0;эмоции
в целом я доволен работой, просто не бывает всё идеально, поэтому оставил пару баллов на совершенствование.;0;эмоции
при переводе денег на карту со счета приходится ожидать длительное время (если это не зарплатный проект). невозможно перевести деньги в выходные, так же в выходные дни не происходит зачисление денег с терминала на счет;1;предложение
консервативность. интерфейс старой версии удовлетворял полностью. все операции были просты и интуитивно понятны даже новичку, чего не скажешь о новой версии. и, крайне неприятен принудительный переход к новой версии и невозможность вернуться к старой.;0;эмоции
иногда очень долго думает;0;эмоции
в последнее время участились технические сбои ( долго не приходят смс-оповещения). а в целом хорошая система.;0;эмоции
неудобноезаполнениеплатёжек;0;эмоции
1. не очень удобно наличие ограничения объема пересылаемых сообщений в банк. например, скан договора приходится дробить и переправлять несколькими письмами.;1;предложение
1. нет возможности создать чистый шаблон и его редактирования. 2. отсутствие кнопки обновления списка платежных поручений и денежных средств на счете.в старой версии это было доступно и удобно.;1;предложение
в связи с тем, что иногда система не работает из-за сбоев или технических неполадок;0;эмоции
кардинально измененный онлайн банк, без подсказок приводит в ступор. вроде как он понятен, но даже слова в панелях управления значительно отличаются от предыдущей версии. и самое несмешное слышали бы вы как о вашей обновленной по в банкоматах отзываются старики, которое кординально отличается от предыдущей и которое еще подзависает.;1;предложение
бывают задержки с смс-ками. нельзя посмотреть подробную расшифровку документов на картотеке.;1;предложение
нет актуальности по счетам(задержка списания средств);0;эмоции
автоматически включился новый интерфейс, ужасно не удобный для меня. привык к старому где все было понятно и доступно;0;эмоции
бывают сбои;0;эмоции
все шло нормально до этой недели. теперь платеж, по которому был отказ абс - висит в проведенных суммах;1;предложение
самый ужасный банк, начиная от людей/сотрудников банка, заканчивая системой клиентоориентированности и обратной связи (ни разу за год я не получил звонка, хотя просил много раз и т.п..) устал бороться и терпеть все это, поэтому закрываю р/с и ухожу.;0;эмоции
зачем менять настройки, только привыкаешь и учись по новому?;0;эмоции
этому новому интерфейсу ещё есть куда расти. внимание на тинькофф и точку;0;эмоции
подвисает программа;0;эмоции
новая система не удобна, остатки по дням не видны, выписки выгружать не удобно, не знаю как привыкнуть , работаю уже месяц, очень замедляет работу;1;предложение
постоянные сбои в системе платежей. зависание платежей на длительный срок. плохое обслуживание;1;предложение
меню изменили полностью. занимает много времени, что бы найти нужную информацию. программа доработана не полностью, порой необходим переход в старую версию. пока улучшений нет. одни проблемы. трудозатраты на проведение операций в бизнес онлайн увеличились. не каждый может позволить себе выделить дополнительно время на обучение в вашей новой версии не получив ни чего в замен.;0;эмоции
новая версия сбербанка бизнес онлайн в целом неплохая, но очень неудобно, что выписку возможно сделать только за 100 дней (хотелось бы 365 дней)...,долго обновляется состояние счета, не очень удобный дизайн.;0;предложение
новый интерфейс не удобный, не понятно где что лежит. в старом формате всё логично. и это не из-за привычки пользования. на самом деле не удобно стало.;0;эмоции
очень неудобно;0;эмоции
мне не нравится новая система оплаты по платёжным поручениям, старая была для меня удобней и проще.;0;эмоции
часто ставят запрет платежей без основания, отказ ни как ни комментируют, информацию до клиента не доводят;1;предложение
новый интерфейс не совсем удобен в работе. плюсы его только в том, что символы на экране крупнее и выписку формировать удобнее. подписывать документы по одному совсем не удобно.;1;предложение
заходишь неизвестно куда, а чтобы попасть на главную страницу даже операторы затрудняются, а вообщем ставить нужно 1;0;эмоции
некоторые моменты не понятны;0;эмоции
новый стиль меня не утраевает . старая версия намного проще;0;эмоции
не очень удобный интерфейс;0;эмоции
не всегда удобно и понятно;0;эмоции
периодически недоступны некоторые функции в мобильном приложении, например создание и отправка платежки, что создаёт неудобства;0;эмоции
совершенствуйтесь;0;эмоции
система не для людей, интерфейс не продуман, все через *опу;0;эмоции
задержки с обновлением остатков.;0;эмоции
не очень нравится последнее обновление,может быть надо привыкнуть.в старой лучше всё было видно.;0;эмоции
усложнили интерфейс;0;эмоции
постоянные проблемы с идентификацией компании при входе в систему( не распознает пароль);0;эмоции
менее прозрачный удобный интерфейс по сравнению с предыдущим;0;эмоции
реализуйте, пожалуйста, возможность создавать зарплатные ведомости в приложении. сейчас их можно только подписывать;1;предложение
после обновления интерфэиса, стало хуже. менее удобнее, хуже видно, меньше возможностей. да и в старом можно было много чего улучшить. все остальные советы по оптимизации за оплату));1;предложение
привык работать в старой версии.в новой версии не могу разобраться ,не могу перевести деньги на другой счет.;0;эмоции
средняя оценка. есть сбои в самые нужные моменты, задержки по срокам передачи платежей.обслуживание счета на мой взгляд дорогое для малого ип.;0;эмоции
в новой версии сббол не очень удобная форма формирования выписок. так например. в отличие от старой версии, нет варианта выбора периода как ' за предыдущий день' и 'за последние три дня'. эти функции были в старом варианте и были востребованы. так же исчезла возможность скачивания выписки с автоматическим присвоением имени файлу kl_to_1c, что привело существенным неудобствам загрузки выписок в программу 1с.;1;предложение
когда распечатываешь расширенную выписку, видно все, включая назначение платежа подробно (№ счета, накладной и т.д.) более поздняя версия не дает распечатать назначение платежа, что неудобно и в дальнейшем может затруднить поиск.;1;предложение
постоянно обрываются сессии, приходится перезагружаться. нельзя сделать платежку завтрашним числом и послать ее в банк так, чтобы платеж был проведен завтра.;1;предложение
нет смс оповещения о поступлении средств на р/сч;1;предложение
в новой версии интуитивно не всегда понятно как перейти к следующему шагу. приходится достаточно долго искать.;0;эмоции
нет возможности оплачивать картой в интернете.;0;эмоции
бывают не понятные сбои;0;эмоции
в принципе нормально, нов обзоре платежей, например не все важные поля можно посмотреть, приходится прокручивать бегунок;1;предложение
не пoнятнooт кoгo пришли средства, пoка не зайдешь в выписку, фильтр для пoиска не удoбный;1;предложение
не очень удобно работать в новом интерфейсе.раньше было удобнее.приходится тратить время,чтобы найти то,что нужно или возвращаться в старый интерфейс.может быть можно как то оптимизировать работу,наверно,нужно изучить,но к сожалению все время занято;0;эмоции
несовершенство(отсутствие возможности позвонить в банк с вопросом,отсутствие банка в городе,глюки программы при слабом интернете,и.т.д),сотрудничество с налоговым органом(постоячнные аресты счетов).;0;эмоции
нет возможности удалённо через смартфон, оплачивать новых контрагентов;1;предложение
не нравится интерфейсочень путан стал новый;0;эмоции
после обновления сбербанк бизнес онлайн, до сих пор невозможно загружать зарплатные реестры и подписывать их, в связи с тем что программаваша не воспринимает такой вариант, что зарплатный проект открыт в сбербанке (без расчетного счета в сбербанке) а расчетный счет имеет в другом банке.;1;предложение
иногда бывают сбои, а так в целом удобно.;0;эмоции
старый интерфейс был удобнее;0;эмоции
нету уведомлений о поступлений денег на расчётный счёт. портит всю систему.;1;предложение
сайт не доработан много лишнего , стал запутанный, не удобный .вообще не довольна;0;эмоции
замена интерфейсов, как правило неудачная и хуже предыдущей.;0;эмоции
потому что возникают проблемы при исполнении шаблона;0;эмоции
в связи с изменением дизайна сайта еще не успели разобраться полностью.;0;эмоции
сервис очень даже не дёшев. в др банках дешевле);0;эмоции
#имя?;0;предложение
не сказать, чтобы доволен, но много неудобств и интерфейс слишком замудрен;0;эмоции
к новому интрефейсу надо привыкнуть. хотелось бы еще добывить функцию автоматической рассылки на электронную почту файлов выгрузки выписки (как это реализовано, например, в интернет-клиенте банка тинькофф);1;предложение
новая версия не совсем удобная, старая легче,удобнее. но, это может быть просто, привычка. в старой программе удобнее работать, как с платежными документами, так и с выписками.;0;эмоции
нормально;0;эмоции
есть недоработки.;0;эмоции
работаю с несколькими интернет банками и сбербанковский именно банк для юридических лиц самый неудобный в использовании;0;эмоции
сама система удобная, неудобство в том, что вы постоянно ее меняете . привыкаешь к одной , а вы уже другую внедряете. за 2 года -3 раза, может хватит?;0;эмоции
запутанный интерфейс, предыдущая версия была доступнее;0;эмоции
предыдущая форма проще и легче,с этой формой много раз обращалась за консультацией. мне непонятно почему я должна менять адрес электронной почты при уточнении данных профиля.;1;предложение
все платежи отправляемые в пятницу ,субботу и воскресенье задерживаются до понедельника а то и до вторника. иногда приходится перебрасывать средства в эти дни и лишний раз убеждаешься в напрасно потраченном времени.партнеры недовольны-бизнес простаивает.;1;предложение
привыкк старому интерфейсу;0;эмоции
очень запутано раньше было понятней;0;эмоции
в новом дизайне не видно фактического остатка средств в данный момент времени, в старом дизайне все видно было. приходы денег сегодняшнего дня на счет показываются на следующий день, а нужно сразу как только деньги поступили на счет.;1;предложение
часто вводят новшество ,;0;эмоции
так все устраивает, бывает не много медленно работает.;0;эмоции
старая система была проще;0;эмоции
новое по стало очень ненаглядным и не удобным в использовании. не наглядно схема, чтобы загрузить п/п из файла 1с. выгрузка выписок в 1с так же неудобна в связи с ненаглядной системой настройки периода для выгрузки. возможно специалисты, которые создавали систему или пользователи, которые каждый день делают данные операции, быстро орентируются где выбрать нужный список или кнопку. но простому пользователю приходиться с трудом понять как осуществить нужные операции.;1;предложение
 страдает логичность структуры доступа к функциям;0;эмоции
найти документы и операции совершенно не возможно, абсолютно не удобный интерфейс. пожалуйста перестаньте менять оформление.;0;эмоции
не могу загрузить с почты телефона платёжку в мобильный банк.;1;предложение
а почему ваш греф убрал отдел работы с предпринимателями в г. острогожске, воронежской обл?;0;эмоции
не работает поиск по названию контрагента если контрагент не занесен в список контрагентов, п старом интерфейсе поиск по назвниям работал, хотя если контрагента искать по инн то система его находит даже если его нет в списке контрагентов. выгрузка выписки ограничена 100 днями - это бред! чтобы выгрузить выписку за год мне нужно сделать 4 выгрузки разве это можно назвать удобством? интерфейс рассчитан на монитор 17 дюймов, такие теперь даже не продают, из за этого отображение информации неудобное, в целом система стала медленее, пострянно появляется окно 'загрузка';1;предложение
добрый день. новый дизайн это катастрофа!!!! шаблоны составленные в предыдущей версии не работают специалисты онлайн помочь не могут. предыдущим дизайном пользовался с 2012г - нареканий не было. самостоятельно не могу отправлять платёжные поручения... вот такой помошник бизнесу. если такбудет и далее нужнобудет прощаться .;0;эмоции
высокая комиссия, очень,очень долгие ответы на письма. новая версия программы совершенно не удобная.;0;эмоции
иногда сервер недоступен;0;эмоции
затруднения при отправке платёжного поручения . документы большого объёма не отправляются.;1;предложение
не всем довольны, например обслуживание счетовцена поднялась в несколько раз , за счет клиентов вопросы решилинапример по сбербанку в украине;0;эмоции
большие комиссии обсолютно за всё;0;эмоции
старый вариант сбербанк бизнес онлайн для меня былнамного удобнее. всё было понятно. в новом варианте многое для меня сложно и неудобно.если в предыдущем вопросе нужно было оценить новую версию сбербанк бизнес онлайн то моя оценка 2 , а не 7 как я поставила.;0;эмоции
новый интерфейс очень не удобный. работать невозможно. большое количество времени уходит на поиск и получение нужных документов. не работа а сплошная нервотрепка. как можно было не подумать о клиентах и не предложить выбор между новым и старым интерфейсом?предлагаю вернуть старый интерфейс;0;эмоции
новая версия сбербанк бизнес-онлайн очень неудобная, платежное поручение банк может принять с ошибками.;1;предложение
еще не разобрались с новым интерфейсом.;0;эмоции
не удобный интерфейс, старая версия была гораздо более понятна;0;эмоции
не совсем понятен ивойсинг;0;эмоции
не удобный интерфейс, плохо обновляются данные. и вообще верните как было.;0;эмоции
новый интерфейс стал менее удобен и менее функционален.;0;эмоции
не доволен изменениями в web клиенте. вместо одного-двух кликов доступ увеличился на 5-6 кликов мышью. бесполезные движения и время.;1;предложение
"мне не нравится интерфейс. оцениваю его как недружественный. в отделе писем: маленький размер присоединяемых файлов-пришлось отправлять 7 писем на одну платежку; на спецсчетахна капремонт невозможно сделать выписки с 2015 года по 2017, а они нужны для отчета в мосжилинспекцию нарастающим итогом. общий список платежей без номеров платежных поручений. дата есть, слова есть, а номера нет.и еще многое другое при создании новой платежки.";1;предложение
очень сложная процедура отзыва документа. медленно отвечают на очные обращения клиента. медленно проходят платежи при наличии денежных средств на счете. поздно зачисляют инкассацию после выходных - за пределами операционного дня, из-за чего платежи текущего операционного дня не проводятся а отказываются системой абс.;1;предложение
резко изменили всю систему без оповещения, совершенно непонятно как работает. все время тыркаешься как котенок. очень не удобно с выписками работать - их нужно выгружать, а иногда нужно что-то просто посмотреть.;0;эмоции
не нравится новый интерфейс;0;эмоции
часто возникают ошибки. сложно было разобраться с новой версией. в нынешней версии много промежуточных манипуляций, чтобы, например, элементарно распечатать выписку из счёта.;1;предложение
слишком много условностей, всё сложно, постоянно нужно искать где нужная кнопка. сделайте всё проще или вернитесь к старому варианту, он хотя бы привычнее.;0;эмоции
мне удобно работать на удаленке;0;эмоции
для меняэто изменение произошло внезапно ( я захожу в систему не каждый день),без предупреждения. я случайно ( нет никаких инструкций) нашла выход на страницу со старой версией, там и работаю. пока разбираться методом тыка в новых изменениях времени нет. я не бухгалтер , не продвинутый пользователь, поэтомутакие внезапные изменения вызвали ступор.;0;эмоции
в общем и целом все нравится. иногда путаюсь в навигации;0;эмоции
1. поиск по платежкам по наименованию контрагента производится только если контрагент есть в справочнике, из старых платежек не подтягивается, если контрагента нет в справочнике, не ищет! 2. поиск по начальным цифрам инн не производится, нужно вбить целиком!неужели трудно сделать поиск по вхождению подстроки - п.1 и п.2 ??? 3. если задать поиск по инн и уйти на вторую страницу результатов поиска, а потом задать поиск по другому инн, то можно увидеть пустую страницу, хотя платежи на него были - просто нужно догадаться внизу кликнуть первую страницу результатов поиска, а нельзя сделать автоматически при новом поиске вывод результатов с первой страницы? 4. текущие остатки по счету не всегда корректны 5. формирование выписок и выгрузок в 1с первое время было очень интутивно непонятно, до сих пор путаемся, в старой версии было понятнее. 6. и естественно!!! sms-потдверждения! работают безобразно! был привязан билайновский номер, с июля начались серьезные проблемы, подтверждения с кодом приходят с опозданием в пол ч;1;предложение
1. удобнее когда выписки отражались списком. 2. удобнее было когда платежки отображались списком. тем списком! 3. удобнее были фильтры по выпискам и платежкам. 4. в целом предыдущий интерфейс (когда меню слева в отдельной колонке) было проще для пользования. 5. в новой системе есть свои плюсы, но предыдущая была идеальна!;1;предложение
задержки по получению информации, сложностьдоступа кфункциям (запрашиваем помощь);0;эмоции
очень неудобный интерфейс для индивидуальных предпринимателей!!! приходится очень долго разбираться что где находится и как это работает, в предыдущем формате было проще.;0;эмоции
гавно какое-то, смс можно ждать вечность;0;эмоции
совершенно не доволен новым интерфейсом, абсолютно не удобный. некоторые функции вообще перестали корректно работать. к примеру, раньше, платежи и переводы - заполнить документ по шаблону - выставил сумму - оплатил. сейчас это не работает. создать документ получится но изменить сумму нет и приходится копировать платеж сделанный ранее, редактировать и отправлять. зачем тогда шаблон? в целом новый интерфейс кроме раздражения пока ничего не вызывает.;1;предложение
новая версия сильно заморочена;0;эмоции
старая систеьа была очень простой и удобной.новаясистема для меня не удобна в эксплуатации;0;эмоции
новый интерфейс, может, и доступнее, но неудобный. часто ищу необходимую функцию дольше, чем хотелось бы.;0;эмоции
маленький срок операци по карте;0;эмоции
очень сложно работать с системой интуитивно, старая версия сайта была проще в работе;0;эмоции
стала хуже;0;эмоции
не интуитивно понятно сделано меню, нужно привыкать и разбираться нет проверки контрагентов;1;предложение
иногда платежи отражаются с задержкой. хотелось бы видеть автоматически формирующийся список контрагентов;1;предложение
долго обновляется состояние счёта из-за этого часто остаются неоплаченные платёжки!чтобы отредактировать платёжку нужно несколько раз совершать движения курсором,чтобы удалить прежнюю сумму(в старой версии было удобнее);1;предложение
очень часто идут технологические работы, нет возможности видеть онлайн остаток денежных средств. нет возможности отказа платежных документов, только через письмо в банк, которое обрабатывается уже после отправки платежного поручения;1;предложение
после смены вида стало жутко неудобно работать. старый вид был более удобен.;0;эмоции
старая версия была прекрасна. новая - дерьмо.;0;эмоции
не совсем новая система удобна для входа и работы. всё равно приходится переходить на шаблоны в старую систему.;0;эмоции
предыдущий вариант вполне отвечал всем моим потребностям;0;эмоции
непонятный интерфейс, невозможно понять как сохранить выписку с документами, ужасно неудобно работать. верните старый интерфейс;1;предложение
очень неудобно скачивать выписки за каждый день. сбои постоянные. тех.поддержка не может решить вопрос сразу, одна девушка из десяти смогла решить проблему. вопрос кадров, точнее профессионализм.;1;предложение
мне не нравиться то, что когда я нахожусь в выписках я не могу создать оттуда копию поручения. в старом можно было. не нравится,что пароль на вход надо меня часто. 1 раз в полгода меня бы устроило.;1;предложение
новая система стала красивее, но работает медленнее. неудобные новшевства - выписку можно сделать только за ограниченный период времени (раньше этого ограничения не было - и это было очень удобно. совершенно непонятно, зачем ухудшать качество системы), прежняя форма оплаты в виде платежки была нагляднее.;1;предложение
трудно менять и восстанавливать пароли в системе. письмо об окончании действия ключа пришло в ночь, перед датой окончании. а связи с этим налог в срок не удалось заплатить.;1;предложение
иногда проводятся тех работы днем, когда нужно делать платёж. и какие то функции становятся недоступны;1;предложение
